Model,MAE,RMSE,R2 Score
Linear Regression,0.56114809764207,0.7446993509164296,0.17675784741437095
Random Forest (Tuned),0.4267460189795078,0.6289656408613166,0.41275477809096006
XGBoost (Tuned),0.4248984143540524,0.6273727570169707,0.41572546163109536
